<Objs Version="1.1.0.1" xmlns="http://schemas.microsoft.com/powershell/2004/04">
  <Obj RefId="0">
    <TN RefId="0">
      <T>Microsoft.PowerShell.Commands.PSRepositoryItemInfo</T>
      <T>System.Management.Automation.PSCustomObject</T>
      <T>System.Object</T>
    </TN>
    <MS>
      <S N="Name">xSystemSecurity</S>
      <S N="Version">1.5.1</S>
      <S N="Type">Module</S>
      <S N="Description">This module contains DSC resources for configuring and managing computer security.</S>
      <S N="Author">DSC Community</S>
      <Obj N="CompanyName" RefId="1">
        <TN RefId="1">
          <T>System.Object[]</T>
          <T>System.Array</T>
          <T>System.Object</T>
        </TN>
        <LST>
          <S>PowerShellTeam</S>
          <S>gaelcolas</S>
          <S>dsccommunity</S>
        </LST>
      </Obj>
      <S N="Copyright">Copyright the DSC Community contributors. All rights reserved.</S>
      <DT N="PublishedDate">2020-03-13T16:11:16-04:00</DT>
      <Nil N="InstalledDate" />
      <Nil N="UpdatedDate" />
      <URI N="LicenseUri">https://github.com/dsccommunity/xSystemSecurity/blob/master/LICENSE</URI>
      <URI N="ProjectUri">https://github.com/dsccommunity/xSystemSecurity</URI>
      <URI N="IconUri">https://dsccommunity.org/images/DSC_Logo_300p.png</URI>
      <Obj N="Tags" RefId="2">
        <TNRef RefId="1" />
        <LST>
          <S>DesiredStateConfiguration</S>
          <S>DSC</S>
          <S>DSCResourceKit</S>
          <S>DSCResource</S>
          <S>PSModule</S>
        </LST>
      </Obj>
      <Obj N="Includes" RefId="3">
        <TN RefId="2">
          <T>System.Collections.Hashtable</T>
          <T>System.Object</T>
        </TN>
        <DCT>
          <En>
            <S N="Key">Command</S>
            <Obj N="Value" RefId="4">
              <TNRef RefId="1" />
              <LST />
            </Obj>
          </En>
          <En>
            <S N="Key">DscResource</S>
            <Obj N="Value" RefId="5">
              <TNRef RefId="1" />
              <LST>
                <S>xIEEsc</S>
                <S>xUAC</S>
                <S>xFileSystemAccessRule</S>
              </LST>
            </Obj>
          </En>
          <En>
            <S N="Key">Cmdlet</S>
            <Ref N="Value" RefId="4" />
          </En>
          <En>
            <S N="Key">Workflow</S>
            <Ref N="Value" RefId="4" />
          </En>
          <En>
            <S N="Key">Function</S>
            <Ref N="Value" RefId="4" />
          </En>
          <En>
            <S N="Key">RoleCapability</S>
            <Ref N="Value" RefId="4" />
          </En>
        </DCT>
      </Obj>
      <Nil N="PowerShellGetFormatVersion" />
      <S N="ReleaseNotes">## [1.5.1] - 2020-03-13_x000A__x000D__x000A_### Deprecated_x000D__x000A__x000D__x000A_- **THIS MODULE HAS BEEN DEPRECATED**. It will no longer be released. Please use_x000D__x000A_  the following modules instead:_x000D__x000A_  - The resource `xIEEsc` have been replaced by `IEEnhancedSecurityConfiguration`_x000D__x000A_    in the module [ComputerManagementDsc](https://github.com/dsccommunity/ComputerManagementDsc)._x000D__x000A_  - The resource `xUac` have been replaced by `UserAccountControl`_x000D__x000A_    in the module [ComputerManagementDsc](https://github.com/dsccommunity/ComputerManagementDsc)._x000D__x000A_  - The resource `xFileSystemAccessRule` have been replaced by `FileSystemAccessRule`_x000D__x000A_    in the module [FileSystemDsc](https://github.com/dsccommunity/FileSystemDsc)._x000D__x000A__x000D__x000A_### Fixed_x000D__x000A__x000D__x000A_- Fixes issue with importing composite resources ([issue #34](https://github.com/dsccommunity/xSystemSecurity/issues/34))._x000A__x000A_## [1.5.0] - 2020-01-29_x000D__x000A__x000D__x000A_### Added_x000D__x000A__x000D__x000A_- xSystemSecurity_x000D__x000A_  - Added continuous delivery with a new CI pipeline._x000D__x000A__x000D__x000A_### Fixed_x000D__x000A__x000D__x000A_- xSystemSecurity_x000D__x000A_  - Fixed the correct URL on status badges._x000D__x000A_- xFileSystemAccessRule_x000D__x000A_  - Corrected flag handling so that the `Test-TargetResource` passes_x000D__x000A_    correctly._x000D__x000A_  - Using `Ensure = 'Absent'` with no rights specified will now correctly_x000D__x000A_    remove existing ACLs for the specified identity, rather than silently_x000D__x000A_    leaving them there._x000D__x000A_  - Correctly returns property `Ensure` from the function `Get-TargetResource`._x000A__x000A_## [1.4.0.0] - 2018-06-13_x000D__x000A__x000D__x000A_- Changes to xFileSystemAccessRule_x000D__x000A_  - Fixed issue when cluster shared disk is not present on the server_x000D__x000A_    ([issue #16](https://github.com/dsccommunity/xSystemSecurity/issues/16))._x000D__x000A_    [Dan Reist (@randomnote1)](https://github.com/randomnote1)_x000D__x000A__x000D__x000A_#_x000A__x000A_## [1.3.0.0] - 2017-12-20_x000D__x000A__x000D__x000A_- Updated FileSystemACL Set_x000D__x000A__x000D__x000A_#_x000A__x000A_## [1.2.0.0] - 2016-09-21_x000D__x000A__x000D__x000A_- Converted appveyor.yml to install Pester from PSGallery instead of from_x000D__x000A_  Chocolatey._x000D__x000A_- Added xFileSystemAccessRule resource_x000D__x000A__x000D__x000A_#_x000A__x000A_## [1.1.0.0] - 2015-09-11_x000D__x000A__x000D__x000A_- Fixed encoding_x000D__x000A__x000D__x000A_#_x000A__x000A_## [1.0.0.0] - 2015-04-23_x000D__x000A__x000D__x000A_- Initial release with the following resources_x000D__x000A_  - xUAC_x000D__x000A_  - xIEEsc</S>
      <Obj N="Dependencies" RefId="6">
        <TNRef RefId="1" />
        <LST />
      </Obj>
      <S N="RepositorySourceLocation">https://www.powershellgallery.com/api/v2</S>
      <S N="Repository">PSGallery</S>
      <S N="PackageManagementProvider">NuGet</S>
      <Obj N="AdditionalMetadata" RefId="7">
        <TN RefId="3">
          <T>System.Management.Automation.PSCustomObject</T>
          <T>System.Object</T>
        </TN>
        <MS>
          <S N="copyright">Copyright the DSC Community contributors. All rights reserved.</S>
          <S N="description">This module contains DSC resources for configuring and managing computer security.</S>
          <S N="requireLicenseAcceptance">False</S>
          <S N="releaseNotes">## [1.5.1] - 2020-03-13_x000A__x000D__x000A_### Deprecated_x000D__x000A__x000D__x000A_- **THIS MODULE HAS BEEN DEPRECATED**. It will no longer be released. Please use_x000D__x000A_  the following modules instead:_x000D__x000A_  - The resource `xIEEsc` have been replaced by `IEEnhancedSecurityConfiguration`_x000D__x000A_    in the module [ComputerManagementDsc](https://github.com/dsccommunity/ComputerManagementDsc)._x000D__x000A_  - The resource `xUac` have been replaced by `UserAccountControl`_x000D__x000A_    in the module [ComputerManagementDsc](https://github.com/dsccommunity/ComputerManagementDsc)._x000D__x000A_  - The resource `xFileSystemAccessRule` have been replaced by `FileSystemAccessRule`_x000D__x000A_    in the module [FileSystemDsc](https://github.com/dsccommunity/FileSystemDsc)._x000D__x000A__x000D__x000A_### Fixed_x000D__x000A__x000D__x000A_- Fixes issue with importing composite resources ([issue #34](https://github.com/dsccommunity/xSystemSecurity/issues/34))._x000A__x000A_## [1.5.0] - 2020-01-29_x000D__x000A__x000D__x000A_### Added_x000D__x000A__x000D__x000A_- xSystemSecurity_x000D__x000A_  - Added continuous delivery with a new CI pipeline._x000D__x000A__x000D__x000A_### Fixed_x000D__x000A__x000D__x000A_- xSystemSecurity_x000D__x000A_  - Fixed the correct URL on status badges._x000D__x000A_- xFileSystemAccessRule_x000D__x000A_  - Corrected flag handling so that the `Test-TargetResource` passes_x000D__x000A_    correctly._x000D__x000A_  - Using `Ensure = 'Absent'` with no rights specified will now correctly_x000D__x000A_    remove existing ACLs for the specified identity, rather than silently_x000D__x000A_    leaving them there._x000D__x000A_  - Correctly returns property `Ensure` from the function `Get-TargetResource`._x000A__x000A_## [1.4.0.0] - 2018-06-13_x000D__x000A__x000D__x000A_- Changes to xFileSystemAccessRule_x000D__x000A_  - Fixed issue when cluster shared disk is not present on the server_x000D__x000A_    ([issue #16](https://github.com/dsccommunity/xSystemSecurity/issues/16))._x000D__x000A_    [Dan Reist (@randomnote1)](https://github.com/randomnote1)_x000D__x000A__x000D__x000A_#_x000A__x000A_## [1.3.0.0] - 2017-12-20_x000D__x000A__x000D__x000A_- Updated FileSystemACL Set_x000D__x000A__x000D__x000A_#_x000A__x000A_## [1.2.0.0] - 2016-09-21_x000D__x000A__x000D__x000A_- Converted appveyor.yml to install Pester from PSGallery instead of from_x000D__x000A_  Chocolatey._x000D__x000A_- Added xFileSystemAccessRule resource_x000D__x000A__x000D__x000A_#_x000A__x000A_## [1.1.0.0] - 2015-09-11_x000D__x000A__x000D__x000A_- Fixed encoding_x000D__x000A__x000D__x000A_#_x000A__x000A_## [1.0.0.0] - 2015-04-23_x000D__x000A__x000D__x000A_- Initial release with the following resources_x000D__x000A_  - xUAC_x000D__x000A_  - xIEEsc</S>
          <S N="isLatestVersion">True</S>
          <S N="isAbsoluteLatestVersion">True</S>
          <S N="versionDownloadCount">149785</S>
          <S N="downloadCount">307155</S>
          <S N="packageSize">11832</S>
          <S N="published">3/13/2020 4:11:16 PM -04:00</S>
          <S N="created">3/13/2020 4:11:16 PM -04:00</S>
          <S N="lastUpdated">9/14/2021 7:14:01 PM -04:00</S>
          <S N="tags">DesiredStateConfiguration DSC DSCResourceKit DSCResource PSModule PSDscResource_x005F_xIEEsc PSDscResource_x005F_xUAC PSDscResource_x005F_xFileSystemAccessRule PSIncludes_DscResource</S>
          <S N="developmentDependency">False</S>
          <S N="updated">2021-09-14T19:14:01Z</S>
          <S N="NormalizedVersion">1.5.1</S>
          <S N="Authors">DSC Community</S>
          <S N="IsPrerelease">false</S>
          <S N="ItemType">Module</S>
          <S N="FileList">xSystemSecurity.nuspec|xSystemSecurity.psd1|en-US\about_x005F_xSystemSecurity.help.txt|DSCResources\xUAC\xUAC.schema.psm1|DSCResources\xUAC\xUAC.psd1|DSCResources\xIEEsc\xIEEsc.psd1|DSCResources\xIEEsc\xIEEsc.schema.psm1|DSCResources\MSFT_x005F_xFileSystemAccessRule\MSFT_x005F_xFileSystemAccessRule.schema.mof|DSCResources\MSFT_x005F_xFileSystemAccessRule\MSFT_x005F_xFileSystemAccessRule.psm1</S>
          <S N="GUID">e30107af-a22a-48fb-b7bc-7d2b98489ac5</S>
          <S N="PowerShellVersion">4.0</S>
          <S N="CompanyName">DSC Community</S>
        </MS>
      </Obj>
      <S N="InstalledLocation">C:\_git\bcage29\AzureDeploymentFramework\ADF\1-PrereqsToDeploy\DSCResources\xSystemSecurity\1.5.1</S>
    </MS>
  </Obj>
</Objs>
