<Objs Version="1.1.0.1" xmlns="http://schemas.microsoft.com/powershell/2004/04">
  <Obj RefId="0">
    <TN RefId="0">
      <T>Microsoft.PowerShell.Commands.PSRepositoryItemInfo</T>
      <T>System.Management.Automation.PSCustomObject</T>
      <T>System.Object</T>
    </TN>
    <MS>
      <S N="Name">PackageManagementProviderResource</S>
      <S N="Version">1.0.3</S>
      <S N="Type">Module</S>
      <S N="Description">Module with DSC resources for the package management.</S>
      <S N="Author">Microsoft Corporation</S>
      <S N="CompanyName">PowerShellTeam</S>
      <S N="Copyright">(c) Microsoft Corporation. All rights reserved.</S>
      <DT N="PublishedDate">2016-06-29T21:21:15-04:00</DT>
      <Nil N="InstalledDate" />
      <Nil N="UpdatedDate" />
      <Nil N="LicenseUri" />
      <URI N="ProjectUri">https://github.com/PowerShell/PackageManagementProviderResource</URI>
      <Nil N="IconUri" />
      <Obj N="Tags" RefId="1">
        <TN RefId="1">
          <T>System.Object[]</T>
          <T>System.Array</T>
          <T>System.Object</T>
        </TN>
        <LST>
          <S>PSModule</S>
        </LST>
      </Obj>
      <Obj N="Includes" RefId="2">
        <TN RefId="2">
          <T>System.Collections.Hashtable</T>
          <T>System.Object</T>
        </TN>
        <DCT>
          <En>
            <S N="Key">Command</S>
            <Obj N="Value" RefId="3">
              <TNRef RefId="1" />
              <LST />
            </Obj>
          </En>
          <En>
            <S N="Key">DscResource</S>
            <Obj N="Value" RefId="4">
              <TNRef RefId="1" />
              <LST>
                <S>NugetPackage</S>
                <S>PackageManagement</S>
                <S>PackageManagementSource</S>
                <S>PSModule</S>
              </LST>
            </Obj>
          </En>
          <En>
            <S N="Key">Cmdlet</S>
            <Ref N="Value" RefId="3" />
          </En>
          <En>
            <S N="Key">Workflow</S>
            <Ref N="Value" RefId="3" />
          </En>
          <En>
            <S N="Key">Function</S>
            <Ref N="Value" RefId="3" />
          </En>
          <En>
            <S N="Key">RoleCapability</S>
            <Ref N="Value" RefId="3" />
          </En>
        </DCT>
      </Obj>
      <Nil N="PowerShellGetFormatVersion" />
      <S N="ReleaseNotes">1. Fixed issue related to PSModule provider not being discovered. GitHub issue link: https://github.com/PowerShell/PackageManagementProviderResource/issues/13._x000D__x000A_2. Added a new DSC Resource PackageManagement -&gt;  A generic PackageManagement provider that lets you download and install packages from any source._x000D__x000A_   This provider uses Install-Package &amp; Get-Package cmdlets. You may have to use PackageManagementSource DSC resource to register non-default sources._x000D__x000A_3. Added tests for this new DSC Resource</S>
      <Obj N="Dependencies" RefId="5">
        <TNRef RefId="1" />
        <LST />
      </Obj>
      <S N="RepositorySourceLocation">https://www.powershellgallery.com/api/v2</S>
      <S N="Repository">PSGallery</S>
      <S N="PackageManagementProvider">NuGet</S>
      <Obj N="AdditionalMetadata" RefId="6">
        <TN RefId="3">
          <T>System.Management.Automation.PSCustomObject</T>
          <T>System.Object</T>
        </TN>
        <MS>
          <S N="copyright">(c) Microsoft Corporation. All rights reserved.</S>
          <S N="description">Module with DSC resources for the package management.</S>
          <S N="requireLicenseAcceptance">False</S>
          <S N="releaseNotes">1. Fixed issue related to PSModule provider not being discovered. GitHub issue link: https://github.com/PowerShell/PackageManagementProviderResource/issues/13._x000D__x000A_2. Added a new DSC Resource PackageManagement -&gt;  A generic PackageManagement provider that lets you download and install packages from any source._x000D__x000A_   This provider uses Install-Package &amp; Get-Package cmdlets. You may have to use PackageManagementSource DSC resource to register non-default sources._x000D__x000A_3. Added tests for this new DSC Resource</S>
          <S N="isLatestVersion">True</S>
          <S N="isAbsoluteLatestVersion">True</S>
          <S N="versionDownloadCount">42815</S>
          <S N="downloadCount">44834</S>
          <S N="packageSize">67278</S>
          <S N="published">6/29/2016 9:21:15 PM -04:00</S>
          <S N="created">6/29/2016 9:21:15 PM -04:00</S>
          <S N="lastEdited">6/29/2016 10:08:22 PM -04:00</S>
          <S N="lastUpdated">9/14/2021 7:24:01 PM -04:00</S>
          <S N="tags">PSModule PSDscResource_NugetPackage PSDscResource_PackageManagement PSDscResource_PackageManagementSource PSDscResource_PSModule PSIncludes_DscResource</S>
          <S N="developmentDependency">False</S>
          <S N="updated">2021-09-14T19:24:01Z</S>
          <S N="NormalizedVersion">1.0.3</S>
          <S N="Authors">Microsoft Corporation</S>
          <S N="IsPrerelease">false</S>
          <S N="ItemType">Module</S>
          <S N="FileList">PackageManagementProviderResource.nuspec|appveyor.yml|LICENSE.txt|PackageManagementProviderResource.psd1|README.md|DSCResources\OneGetHelper.psm1|DSCResources\OneGetHelper.strings.psd1|DSCResources\MSFT_NugetPackage\MSFT_NugetPackage.psm1|DSCResources\MSFT_NugetPackage\MSFT_NugetPackage.schema.mfl|DSCResources\MSFT_NugetPackage\MSFT_NugetPackage.schema.mof|DSCResources\MSFT_NugetPackage\MSFT_NugetPackage.strings.psd1|DSCResources\MSFT_PackageManagement\MSFT_PackageManagement.psm1|DSCResources\MSFT_PackageManagement\MSFT_PackageManagement.schema.mfl|DSCResources\MSFT_PackageManagement\MSFT_PackageManagement.schema.mof|DSCResources\MSFT_PackageManagement\MSFT_PackageManagement.strings.psd1|DSCResources\MSFT_PackageManagementSource\MSFT_PackageManagementSource.psm1|DSCResources\MSFT_PackageManagementSource\MSFT_PackageManagementSource.schema.mfl|DSCResources\MSFT_PackageManagementSource\MSFT_PackageManagementSource.schema.mof|DSCResources\MSFT_PackageManagementSource\MSFT_PackageManagementSource.strings.psd1|DSCResources\MSFT_PSModule\MSFT_PSModule.psm1|DSCResources\MSFT_PSModule\MSFT_PSModule.schema.mfl|DSCResources\MSFT_PSModule\MSFT_PSModule.schema.mof|DSCResources\MSFT_PSModule\MSFT_PSModule.strings.psd1|Examples\Sample_Install_Package.ps1|Examples\Sample_Install_Package_Using_NuGet.ps1|Examples\Sample_Install_Pester.ps1|Examples\Sample_NuGet_InstallPackage.ps1|Examples\Sample_PSModule.ps1|Test\OneGetTestHelper.ps1|Test\run-tests.ps1|Test\NugetPackage\NugetPackage.Get.Tests.ps1|Test\NugetPackage\NugetPackage.IntegrationTest.Tests.ps1|Test\NugetPackage\NugetPackage.Set.Tests.ps1|Test\NugetPackage\NugetPackage.Test.Tests.ps1|Test\PackageManagement\PackageManagement.Get.Tests.ps1|Test\PackageManagement\PackageManagement.Set.Tests.ps1|Test\PackageManagement\PackageManagement.Test.Tests.ps1|Test\PackageManagementSource\OneGetSource.Get.Set.Test.Tests.ps1|Test\PSModule\PSModule.Get.Tests.ps1|Test\PSModule\PSModule.IntegrationTest.Tests.ps1|Test\PSModule\PSModule.Set.and.Test.Tests.ps1</S>
          <S N="GUID">50615c4b-72be-42a7-81e1-8c8747238ce8</S>
          <S N="CompanyName">Microsoft Corporation</S>
        </MS>
      </Obj>
      <S N="InstalledLocation">C:\_git\bcage29\AzureDeploymentFramework\ADF\1-PrereqsToDeploy\DSCResources\PackageManagementProviderResource\1.0.3</S>
    </MS>
  </Obj>
</Objs>
