<Objs Version="1.1.0.1" xmlns="http://schemas.microsoft.com/powershell/2004/04">
  <Obj RefId="0">
    <TN RefId="0">
      <T>Microsoft.PowerShell.Commands.PSRepositoryItemInfo</T>
      <T>System.Management.Automation.PSCustomObject</T>
      <T>System.Object</T>
    </TN>
    <MS>
      <S N="Name">xTimeZone</S>
      <S N="Version">1.8.0.0</S>
      <S N="Type">Module</S>
      <S N="Description">This DSC Resources can easily set the System Time Zone.</S>
      <S N="Author">Microsoft Corporation</S>
      <S N="CompanyName">PowerShellTeam</S>
      <S N="Copyright">(c) 2017 Microsoft Corporation. All rights reserved.</S>
      <DT N="PublishedDate">2018-06-13T20:04:26-04:00</DT>
      <Nil N="InstalledDate" />
      <Nil N="UpdatedDate" />
      <URI N="LicenseUri">https://github.com/PowerShell/xTimeZone/blob/master/LICENSE</URI>
      <URI N="ProjectUri">https://github.com/PowerShell/xTimeZone</URI>
      <Nil N="IconUri" />
      <Obj N="Tags" RefId="1">
        <TN RefId="1">
          <T>System.Object[]</T>
          <T>System.Array</T>
          <T>System.Object</T>
        </TN>
        <LST>
          <S>DesiredStateConfiguration</S>
          <S>DSC</S>
          <S>DSCResourceKit</S>
          <S>DSCResource</S>
          <S>PSModule</S>
        </LST>
      </Obj>
      <Obj N="Includes" RefId="2">
        <TN RefId="2">
          <T>System.Collections.Hashtable</T>
          <T>System.Object</T>
        </TN>
        <DCT>
          <En>
            <S N="Key">Command</S>
            <Obj N="Value" RefId="3">
              <TNRef RefId="1" />
              <LST />
            </Obj>
          </En>
          <En>
            <S N="Key">DscResource</S>
            <Obj N="Value" RefId="4">
              <TNRef RefId="1" />
              <LST>
                <S>xTimeZone</S>
              </LST>
            </Obj>
          </En>
          <En>
            <S N="Key">Cmdlet</S>
            <Ref N="Value" RefId="3" />
          </En>
          <En>
            <S N="Key">Workflow</S>
            <Ref N="Value" RefId="3" />
          </En>
          <En>
            <S N="Key">Function</S>
            <Ref N="Value" RefId="3" />
          </En>
          <En>
            <S N="Key">RoleCapability</S>
            <Ref N="Value" RefId="3" />
          </En>
        </DCT>
      </Obj>
      <Nil N="PowerShellGetFormatVersion" />
      <S N="ReleaseNotes">* THIS MODULE HAS BEEN DEPRECATED. It will no longer be released. Please use the "TimeZone" resource in ComputerManagementDsc instead._x000D__x000A_* Fixed xTimeZone Examples link in README.md.</S>
      <Obj N="Dependencies" RefId="5">
        <TNRef RefId="1" />
        <LST />
      </Obj>
      <S N="RepositorySourceLocation">https://www.powershellgallery.com/api/v2</S>
      <S N="Repository">PSGallery</S>
      <S N="PackageManagementProvider">NuGet</S>
      <Obj N="AdditionalMetadata" RefId="6">
        <TN RefId="3">
          <T>System.Management.Automation.PSCustomObject</T>
          <T>System.Object</T>
        </TN>
        <MS>
          <S N="copyright">(c) 2017 Microsoft Corporation. All rights reserved.</S>
          <S N="description">This DSC Resources can easily set the System Time Zone.</S>
          <S N="requireLicenseAcceptance">True</S>
          <S N="releaseNotes">* THIS MODULE HAS BEEN DEPRECATED. It will no longer be released. Please use the "TimeZone" resource in ComputerManagementDsc instead._x000D__x000A_* Fixed xTimeZone Examples link in README.md.</S>
          <S N="isLatestVersion">True</S>
          <S N="isAbsoluteLatestVersion">True</S>
          <S N="versionDownloadCount">193985</S>
          <S N="downloadCount">298367</S>
          <S N="packageSize">20588</S>
          <S N="published">6/13/2018 8:04:26 PM -04:00</S>
          <S N="created">6/13/2018 8:04:26 PM -04:00</S>
          <S N="lastUpdated">9/14/2021 6:59:01 PM -04:00</S>
          <S N="tags">DesiredStateConfiguration DSC DSCResourceKit DSCResource PSModule PSDscResource_x005F_xTimeZone PSIncludes_DscResource</S>
          <S N="developmentDependency">False</S>
          <S N="updated">2021-09-14T18:59:01Z</S>
          <S N="NormalizedVersion">1.8.0</S>
          <S N="Authors">Microsoft Corporation</S>
          <S N="IsPrerelease">false</S>
          <S N="ItemType">Module</S>
          <S N="FileList">xTimeZone.nuspec|LICENSE|README.md|xTimeZone.psd1|DSCResources\MSFT_x005F_xTimeZone\MSFT_x005F_xTimeZone.psm1|DSCResources\MSFT_x005F_xTimeZone\MSFT_x005F_xTimeZone.schema.mof|DSCResources\MSFT_x005F_xTimeZone\en-us\MSFT_x005F_xTimeZone.strings.psd1|Examples\Resources\xTimezone\1-SetTimeZone.ps1|Modules\TimeZoneDsc.Common\SetTimeZone.cs|Modules\TimeZoneDsc.Common\TimeZoneDsc.Common.psm1|Modules\TimeZoneDsc.Common\en-us\TimeZoneDsc.Common.strings.psd1|Modules\TimeZoneDsc.ResourceHelper\TimeZoneDsc.ResourceHelper.psm1|Tests\Integration\MSFT_x005F_xTimeZone.config.ps1|Tests\Integration\MSFT_x005F_xTimeZone.Integration.Tests.ps1|Tests\TestHelpers\CommonTestHelper.psm1|Tests\Unit\MSFT_x005F_xTimeZone.Tests.ps1|Tests\Unit\TimeZoneDsc.Common.tests.ps1</S>
          <S N="GUID">d75e53f2-47fc-4ee7-97af-8d257d3e0151</S>
          <S N="PowerShellVersion">4.0</S>
          <S N="CompanyName">Microsoft Corporation</S>
        </MS>
      </Obj>
      <S N="InstalledLocation">C:\_git\bcage29\AzureDeploymentFramework\ADF\1-PrereqsToDeploy\DSCResources\xTimeZone\1.8.0.0</S>
    </MS>
  </Obj>
</Objs>
